id,first_name,last_name,email
1,Sibyl,Cardoo,scardoo0@google.de
2,Giulia,Saddler,gsaddler1@arstechnica.com
3,Kimberli,Andreaccio,kandreaccio2@qq.com
4,Pearla,Briereton,pbriereton3@twitter.com
5,Nan,MacDaid,nmacdaid4@jigsy.com
6,Jana,Tison,jtison5@qq.com
7,Liza,Kerbey,lkerbey6@smh.com.au
8,Othella,Winchcum,owinchcum7@cargocollective.com
9,Abe,Duffit,aduffit8@cafepress.com
10,Valma,Gaye,vgaye9@usgs.gov
11,Aldridge,Gaven,agavena@booking.com
12,Armand,Grieg,agriegb@irs.gov
13,Ozzie,Abrahamian,oabrahamianc@psu.edu
14,Andromache,Gooderridge,agooderridged@dell.com
15,Sianna,Bohin,sbohine@va.gov
16,Templeton,Lyvon,tlyvonf@github.com
17,Rafi,Samsworth,rsamsworthg@umich.edu
18,Mella,Gertray,mgertrayh@nytimes.com
19,Darb,Amori,damorii@slideshare.net
20,Nara,Fortye,nfortyej@nifty.com
21,Kenny,De Nisco,kdeniscok@miibeian.gov.cn
22,Caspar,Ewestace,cewestacel@flickr.com
23,Bonnibelle,Henrion,bhenrionm@liveinternet.ru
24,Sonni,Dradey,sdradeyn@elpais.com
25,Ely,Cuppitt,ecuppitto@loc.gov
26,Curr,Vaskov,cvaskovp@nymag.com
27,Heath,Allbrook,hallbrookq@twitter.com
28,Cissiee,Dettmar,cdettmarr@census.gov
29,Franklin,Loche,floches@ibm.com
30,Sherwynd,Ulster,sulstert@economist.com
31,Maryann,Btham,mbthamu@is.gd
32,Gerrie,Graine,ggrainev@ocn.ne.jp
33,Jefferson,Furze,jfurzew@miitbeian.gov.cn
34,Dotti,Denington,ddeningtonx@abc.net.au
35,Velvet,Merryfield,vmerryfieldy@globo.com
36,Edythe,Deveral,edeveralz@ibm.com
37,Emile,Hunnicutt,ehunnicutt10@gravatar.com
38,Theodore,Marchelli,tmarchelli11@businessweek.com
39,Fonzie,Birkbeck,fbirkbeck12@ustream.tv
40,Jacklin,Fossett,jfossett13@census.gov
41,Sydney,Stephenson,sstephenson14@mapy.cz
42,Sam,Sainsberry,ssainsberry15@google.it
43,Wolfy,Bursnoll,wbursnoll16@mysql.com
44,Donica,Earngy,dearngy17@addtoany.com
45,Dalli,Killingback,dkillingback18@cyberchimps.com
46,Hogan,Swarbrick,hswarbrick19@globo.com
47,Romona,Dennert,rdennert1a@geocities.com
48,Minne,Edards,medards1b@ca.gov
49,Marsiella,Blindermann,mblindermann1c@mayoclinic.com
50,Robbie,Jacob,rjacob1d@webeden.co.uk
51,Janaya,Angove,jangove1e@prweb.com
52,Lynnett,Spencook,lspencook1f@howstuffworks.com
53,Devi,Gabbatt,dgabbatt1g@dagondesign.com
54,Augustina,Sherburn,asherburn1h@reverbnation.com
55,Jeniece,Mattusevich,jmattusevich1i@youku.com
56,Norbie,Cronkshaw,ncronkshaw1j@illinois.edu
57,Midge,Mara,mmara1k@wikipedia.org
58,Ardella,Allner,aallner1l@51.la
59,Gerardo,Prazor,gprazor1m@apache.org
60,Stormy,Barrie,sbarrie1n@networksolutions.com
61,Juliette,Adenot,jadenot1o@t-online.de
62,Dolli,Hazeley,dhazeley1p@devhub.com
63,Dorelle,Niesing,dniesing1q@oracle.com
64,Jonathon,Jaze,jjaze1r@umich.edu
65,Ainsley,Caltun,acaltun1s@elegantthemes.com
66,Roi,Doylend,rdoylend1t@jigsy.com
67,Silvano,Bampford,sbampford1u@sina.com.cn
68,Michele,Coughlan,mcoughlan1v@flickr.com
69,Tracey,Luipold,tluipold1w@imageshack.us
70,Bidget,Willder,bwillder1x@ihg.com
71,Stepha,Mattiazzo,smattiazzo1y@craigslist.org
72,Franky,Hemeret,fhemeret1z@opensource.org
73,Bettye,Morin,bmorin20@wikimedia.org
74,Rex,Demangeot,rdemangeot21@cocolog-nifty.com
75,Darrelle,Cuttin,dcuttin22@parallels.com
76,Audry,Godsmark,agodsmark23@stumbleupon.com
77,Micheal,Dansie,mdansie24@a8.net
78,Bob,Prynne,bprynne25@flickr.com
79,Edmon,Vasishchev,evasishchev26@instagram.com
80,Frank,Dawe,fdawe27@time.com
81,Dickie,Dondon,ddondon28@si.edu
82,Bunnie,Sulter,bsulter29@geocities.jp
83,Hasty,MacMaster,hmacmaster2a@opera.com
84,Minta,Joslow,mjoslow2b@livejournal.com
85,Monti,Widmoor,mwidmoor2c@google.it
86,Lindon,Milborn,lmilborn2d@omniture.com
87,Lorrayne,Klos,lklos2e@xing.com
88,Amil,Bennison,abennison2f@home.pl
89,Skippy,Mungane,smungane2g@weibo.com
90,Fanya,Learmont,flearmont2h@edublogs.org
91,Augusta,Rozzell,arozzell2i@discovery.com
92,Rochelle,Eakley,reakley2j@nih.gov
93,Nerte,Tupman,ntupman2k@senate.gov
94,Portie,Russen,prussen2l@wordpress.org
95,Rhetta,Felmingham,rfelmingham2m@twitter.com
96,Wesley,Oliveto,woliveto2n@linkedin.com
97,Ermengarde,Licquorish,elicquorish2o@yellowpages.com
98,Octavia,Raselles,oraselles2p@sphinn.com
99,Lisha,Portam,lportam2q@biglobe.ne.jp
100,Kippy,Bottoms,kbottoms2r@php.net